Column\row,,Bollywood,,,Tollywood,,,Total,,
,Count,t-weight,d-weight,Count,t-weight,d-weight,Count,t-weight,d-weight
Biographical,83,39.523809523809526,64.84375,127,60.476190476190474,67.9144385026738,210,100.0,66.66666666666666
Horror,45,42.857142857142854,35.15625,60,57.14285714285714,32.0855614973262,105,100.0,33.33333333333333
Total,128,40.63492063492063,100.0,187,59.36507936507937,100.0,315,100,100
